Year,Year ending,Police Region,Local Government Area,Incidents Recorded,"Rate per 100,000 population"
2022,March,1 North West Metro, Banyule,5244,4086.865525
2022,March,1 North West Metro, Brimbank,12330,6200.95948
2022,March,1 North West Metro, Darebin,9276,5751.475727
2022,March,1 North West Metro, Hobsons Bay,4599,4804.896128
2022,March,1 North West Metro, Hume,12196,4919.684615
2022,March,1 North West Metro, Maribyrnong,7025,7486.953068
2022,March,1 North West Metro, Melbourne,25036,14582.31137
2022,March,1 North West Metro, Melton,8805,4668.504451
2022,March,1 North West Metro, Moonee Valley,6018,4685.637554
2022,March,1 North West Metro, Moreland,9173,4992.233639
2022,March,1 North West Metro, Nillumbik,1319,2063.770803
2022,March,1 North West Metro, Whittlesea,8939,3720.498249
2022,March,1 North West Metro, Wyndham,12094,4048.936236
2022,March,1 North West Metro, Yarra,8790,8734.362735
2022,March,2 Eastern, Alpine,371,2827.301615
2022,March,2 Eastern, Bass Coast,2147,5360.565039
2022,March,2 Eastern, Baw Baw,3036,5205.671945
2022,March,2 Eastern, Benalla,978,6900.896677
2022,March,2 Eastern, Boroondara,5448,3117.506028
2022,March,2 Eastern, East Gippsland,3640,7434.664596
2022,March,2 Eastern, Greater Shepparton,5785,8622.304461
2022,March,2 Eastern, Indigo,465,2718.087515
2022,March,2 Eastern, Knox,6631,4132.500068
2022,March,2 Eastern, Latrobe,7826,10243.78476
2022,March,2 Eastern, Manningham,2867,2288.265094
2022,March,2 Eastern, Mansfield,339,3430.636585
2022,March,2 Eastern, Maroondah,5094,4367.476561
2022,March,2 Eastern, Mitchell,2350,4589.877335
2022,March,2 Eastern, Moira,1573,5218.35663
2022,March,2 Eastern, Monash,8309,4227.536271
2022,March,2 Eastern, Murrindindi,531,3545.543601
2022,March,2 Eastern, South Gippsland,1194,3896.177051
2022,March,2 Eastern, Strathbogie,446,3943.839096
2022,March,2 Eastern, Towong,148,2424.042939
2022,March,2 Eastern, Wangaratta,1655,5593.184074
2022,March,2 Eastern, Wellington,2964,6528.415062
2022,March,2 Eastern, Whitehorse,5459,3120.210745
2022,March,2 Eastern, Wodonga,2682,6124.529573
2022,March,2 Eastern, Yarra Ranges,4986,3164.29874
2022,March,3 Southern Metro, Bayside,3346,3217.395463
2022,March,3 Southern Metro, Cardinia,4618,3835.877022
2022,March,3 Southern Metro, Casey,14154,3790.37466
2022,March,3 Southern Metro, Frankston,8319,5958.041942
2022,March,3 Southern Metro, Glen Eira,5032,3284.949982
2022,March,3 Southern Metro, Greater Dandenong,11369,7044.528518
2022,March,3 Southern Metro, Kingston,6823,4194.111583
2022,March,3 Southern Metro, Mornington Peninsula,6420,3806.322916
2022,March,3 Southern Metro, Port Phillip,9157,8215.660527
2022,March,3 Southern Metro, Stonnington,7820,6914.164944
2022,March,4 Western, Ararat,960,8008.420031
2022,March,4 Western, Ballarat,7594,6573.501074
2022,March,4 Western, Buloke,224,3692.993356
2022,March,4 Western, Campaspe,2419,6388.455074
2022,March,4 Western, Central Goldfields,823,6223.254223
2022,March,4 Western, Colac-Otway,1214,5669.299513
2022,March,4 Western, Corangamite,580,3701.057294
2022,March,4 Western, Gannawarra,565,5394.611117
2022,March,4 Western, Glenelg,1203,6160.286874
2022,March,4 Western, Golden Plains,420,1664.088514
2022,March,4 Western, Greater Bendigo,7501,6091.569462
2022,March,4 Western, Greater Geelong,14569,5291.348003
2022,March,4 Western, Hepburn,436,2662.843818
2022,March,4 Western, Hindmarsh,304,5482.881243
2022,March,4 Western, Horsham,1608,8030.751095
2022,March,4 Western, Loddon,387,5139.65425
2022,March,4 Western, Macedon Ranges,1391,2654.612254
2022,March,4 Western, Mildura,4895,8897.562805
2022,March,4 Western, Moorabool,1573,4207.418457
2022,March,4 Western, Mount Alexander,716,3514.073448
2022,March,4 Western, Moyne,546,3143.793685
2022,March,4 Western, Northern Grampians,806,7083.105349
2022,March,4 Western, Pyrenees,302,3944.853714
2022,March,4 Western, Queenscliffe,118,3841.296016
2022,March,4 Western, Southern Grampians,799,5010.409134
2022,March,4 Western, Surf Coast,1049,2803.262665
2022,March,4 Western, Swan Hill,1696,8467.603143
2022,March,4 Western, Warrnambool,2207,6157.01035
2022,March,4 Western, West Wimmera,151,4063.539396
2022,March,4 Western, Yarriambiack,304,4788.492747
2022,March,Justice Institutions and Immigration Facilities, Justice Institutions and Immigration Facilities,900,
2022,March,Unincorporated Vic, Unincorporated Vic,73,
2021,March,1 North West Metro, Banyule,6286,4858.293337
2021,March,1 North West Metro, Brimbank,14514,7196.548988
2021,March,1 North West Metro, Darebin,11475,7061.495006
2021,March,1 North West Metro, Hobsons Bay,4461,4631.581133
2021,March,1 North West Metro, Hume,15479,6350.671623
2021,March,1 North West Metro, Maribyrnong,7048,7540.629313
2021,March,1 North West Metro, Melbourne,25957,15281.40822
2021,March,1 North West Metro, Melton,9883,5517.930622
2021,March,1 North West Metro, Moonee Valley,6108,4721.013457
2021,March,1 North West Metro, Moreland,10148,5494.106883
2021,March,1 North West Metro, Nillumbik,1522,2353.887317
2021,March,1 North West Metro, Whittlesea,11453,4813.560177
2021,March,1 North West Metro, Wyndham,12706,4387.870332
2021,March,1 North West Metro, Yarra,10827,10868.08135
2021,March,2 Eastern, Alpine,400,3060.67794
2021,March,2 Eastern, Bass Coast,2096,5398.583387
2021,March,2 Eastern, Baw Baw,3585,6335.825248
2021,March,2 Eastern, Benalla,995,7041.256811
2021,March,2 Eastern, Boroondara,5954,3370.850129
2021,March,2 Eastern, East Gippsland,3629,7501.653713
2021,March,2 Eastern, Greater Shepparton,5937,8889.587638
2021,March,2 Eastern, Indigo,427,2514.871312
2021,March,2 Eastern, Knox,8283,5088.806837
2021,March,2 Eastern, Latrobe,9087,11932.08677
2021,March,2 Eastern, Manningham,3371,2655.920078
2021,March,2 Eastern, Mansfield,388,3983.572895
2021,March,2 Eastern, Maroondah,5708,4858.533928
2021,March,2 Eastern, Mitchell,3163,6426.771782
2021,March,2 Eastern, Moira,1630,5433.152228
2021,March,2 Eastern, Monash,9572,4834.831801
2021,March,2 Eastern, Murrindindi,663,4453.550077
2021,March,2 Eastern, South Gippsland,1264,4150.385815
2021,March,2 Eastern, Strathbogie,453,4056.595326
2021,March,2 Eastern, Towong,153,2519.347933
2021,March,2 Eastern, Wangaratta,1658,5643.486844
2021,March,2 Eastern, Wellington,3218,7136.520891
2021,March,2 Eastern, Whitehorse,6947,3947.832017
2021,March,2 Eastern, Wodonga,2417,5596.72116
2021,March,2 Eastern, Yarra Ranges,6111,3847.485692
2021,March,3 Southern Metro, Bayside,3827,3624.739534
2021,March,3 Southern Metro, Cardinia,5563,4687.592163
2021,March,3 Southern Metro, Casey,16137,4374.818699
2021,March,3 Southern Metro, Frankston,10207,7180.594736
2021,March,3 Southern Metro, Glen Eira,6020,3880.791372
2021,March,3 Southern Metro, Greater Dandenong,14221,8710.325481
2021,March,3 Southern Metro, Kingston,8041,4882.803012
2021,March,3 Southern Metro, Mornington Peninsula,7617,4510.703817
2021,March,3 Southern Metro, Port Phillip,10175,9077.365022
2021,March,3 Southern Metro, Stonnington,8943,7821.40983
2021,March,4 Western, Ararat,1087,9117.597719
2021,March,4 Western, Ballarat,7188,6350.77706
2021,March,4 Western, Buloke,244,4019.107231
2021,March,4 Western, Campaspe,2456,6503.892802
2021,March,4 Western, Central Goldfields,820,6233.845218
2021,March,4 Western, Colac-Otway,1226,5693.851012
2021,March,4 Western, Corangamite,682,4312.907102
2021,March,4 Western, Gannawarra,639,6121.862426
2021,March,4 Western, Glenelg,1048,5358.147145
2021,March,4 Western, Golden Plains,450,1817.080557
2021,March,4 Western, Greater Bendigo,8000,6590.763046
2021,March,4 Western, Greater Geelong,15511,5755.302254
2021,March,4 Western, Hepburn,507,3114.059333
2021,March,4 Western, Hindmarsh,287,5158.159597
2021,March,4 Western, Horsham,1472,7374.380041
2021,March,4 Western, Loddon,412,5495.531546
2021,March,4 Western, Macedon Ranges,1853,3581.160737
2021,March,4 Western, Mildura,4405,7975.015841
2021,March,4 Western, Moorabool,1990,5411.579148
2021,March,4 Western, Mount Alexander,728,3604.674193
2021,March,4 Western, Moyne,509,2955.69363
2021,March,4 Western, Northern Grampians,894,7855.197259
2021,March,4 Western, Pyrenees,344,4513.251115
2021,March,4 Western, Queenscliffe,81,2652.259332
2021,March,4 Western, Southern Grampians,791,4929.270269
2021,March,4 Western, Surf Coast,1164,3208.55615
2021,March,4 Western, Swan Hill,1857,9211.766457
2021,March,4 Western, Warrnambool,2200,6178.560395
2021,March,4 Western, West Wimmera,122,3253.333333
2021,March,4 Western, Yarriambiack,333,5161.990389
2021,March,Justice Institutions and Immigration Facilities, Justice Institutions and Immigration Facilities,1270,
2021,March,Unincorporated Vic, Unincorporated Vic,30,
2020,March,1 North West Metro, Banyule,7262,5505.894841
2020,March,1 North West Metro, Brimbank,15480,7437.051699
2020,March,1 North West Metro, Darebin,11895,7150.328212
2020,March,1 North West Metro, Hobsons Bay,4906,4998.675443
2020,March,1 North West Metro, Hume,15894,6593.981032
2020,March,1 North West Metro, Maribyrnong,7305,7695.305916
2020,March,1 North West Metro, Melbourne,26901,14649.72662
2020,March,1 North West Metro, Melton,9320,5406.095198
2020,March,1 North West Metro, Moonee Valley,6719,5101.668919
2020,March,1 North West Metro, Moreland,11100,5883.600127
2020,March,1 North West Metro, Nillumbik,1691,2593.558282
2020,March,1 North West Metro, Whittlesea,12248,5180.808
2020,March,1 North West Metro, Wyndham,13871,4899.993641
2020,March,1 North West Metro, Yarra,11428,11086.96496
2020,March,2 Eastern, Alpine,438,3376.763549
2020,March,2 Eastern, Bass Coast,1786,4770.426561
2020,March,2 Eastern, Baw Baw,3587,6537.74651
2020,March,2 Eastern, Benalla,935,6614.785992
2020,March,2 Eastern, Boroondara,6521,3563.894324
2020,March,2 Eastern, East Gippsland,3638,7623.478133
2020,March,2 Eastern, Greater Shepparton,6382,9519.405746
2020,March,2 Eastern, Indigo,430,2547.091577
2020,March,2 Eastern, Knox,8873,5374.579023
2020,March,2 Eastern, Latrobe,10075,13274.9193
2020,March,2 Eastern, Manningham,3741,2902.429941
2020,March,2 Eastern, Mansfield,337,3557.85473
2020,March,2 Eastern, Maroondah,5920,4959.993297
2020,March,2 Eastern, Mitchell,3120,6550.905999
2020,March,2 Eastern, Moira,1835,6114.220978
2020,March,2 Eastern, Monash,9577,4675.242256
2020,March,2 Eastern, Murrindindi,598,4079.405144
2020,March,2 Eastern, South Gippsland,1359,4493.601825
2020,March,2 Eastern, Strathbogie,475,4322.11101
2020,March,2 Eastern, Towong,155,2540.56712
2020,March,2 Eastern, Wangaratta,1748,5988.147032
2020,March,2 Eastern, Wellington,3385,7562.386899
2020,March,2 Eastern, Whitehorse,7354,4070.539787
2020,March,2 Eastern, Wodonga,2828,6631.492555
2020,March,2 Eastern, Yarra Ranges,6187,3869.26911
2020,March,3 Southern Metro, Bayside,4195,3901.744857
2020,March,3 Southern Metro, Cardinia,5449,4692.114939
2020,March,3 Southern Metro, Casey,17145,4705.071983
2020,March,3 Southern Metro, Frankston,11096,7744.222891
2020,March,3 Southern Metro, Glen Eira,6105,3860.283657
2020,March,3 Southern Metro, Greater Dandenong,14725,8750.973156
2020,March,3 Southern Metro, Kingston,9034,5402.205372
2020,March,3 Southern Metro, Mornington Peninsula,8620,5105.667172
2020,March,3 Southern Metro, Port Phillip,9957,8552.87458
2020,March,3 Southern Metro, Stonnington,9462,7980.298059
2020,March,4 Western, Ararat,894,7473.666611
2020,March,4 Western, Ballarat,8711,7824.837188
2020,March,4 Western, Buloke,254,4163.251926
2020,March,4 Western, Campaspe,2798,7428.055644
2020,March,4 Western, Central Goldfields,866,6614.726551
2020,March,4 Western, Colac-Otway,1280,5910.329224
2020,March,4 Western, Corangamite,548,3440.698185
2020,March,4 Western, Gannawarra,608,5846.153846
2020,March,4 Western, Glenelg,1165,5938.423896
2020,March,4 Western, Golden Plains,472,1947.114393
2020,March,4 Western, Greater Bendigo,8323,6939.4187
2020,March,4 Western, Greater Geelong,17000,6420.35176
2020,March,4 Western, Hepburn,738,4567.962367
2020,March,4 Western, Hindmarsh,246,4399.141631
2020,March,4 Western, Horsham,1356,6775.934439
2020,March,4 Western, Loddon,366,4897.631473
2020,March,4 Western, Macedon Ranges,1724,3383.244697
2020,March,4 Western, Mildura,5545,9916.660705
2020,March,4 Western, Moorabool,1641,4558.080107
2020,March,4 Western, Mount Alexander,894,4470.223511
2020,March,4 Western, Moyne,506,2972.44904
2020,March,4 Western, Northern Grampians,735,6446.802912
2020,March,4 Western, Pyrenees,350,4632.69358
2020,March,4 Western, Queenscliffe,101,3357.712766
2020,March,4 Western, Southern Grampians,887,5498.729155
2020,March,4 Western, Surf Coast,1043,3000.489054
2020,March,4 Western, Swan Hill,1770,8624.049893
2020,March,4 Western, Warrnambool,2467,6944.991836
2020,March,4 Western, West Wimmera,143,3754.266212
2020,March,4 Western, Yarriambiack,318,4827.690906
2020,March,Justice Institutions and Immigration Facilities, Justice Institutions and Immigration Facilities,1377,
2020,March,Unincorporated Vic, Unincorporated Vic,109,
2019,March,1 North West Metro, Banyule,7006,5322.09055
2019,March,1 North West Metro, Brimbank,14661,6995.819973
2019,March,1 North West Metro, Darebin,11245,6847.354832
2019,March,1 North West Metro, Hobsons Bay,4848,4958.829847
2019,March,1 North West Metro, Hume,15591,6675.801237
2019,March,1 North West Metro, Maribyrnong,6669,7133.99371
2019,March,1 North West Metro, Melbourne,26587,14853.57051
2019,March,1 North West Metro, Melton,8330,5050.443809
2019,March,1 North West Metro, Moonee Valley,6485,4976.479707
2019,March,1 North West Metro, Moreland,11407,6139.033749
2019,March,1 North West Metro, Nillumbik,1623,2493.125854
2019,March,1 North West Metro, Whittlesea,11912,5172.451226
2019,March,1 North West Metro, Wyndham,11463,4236.032327
2019,March,1 North West Metro, Yarra,11182,11015.01241
2019,March,2 Eastern, Alpine,399,3114.267874
2019,March,2 Eastern, Bass Coast,1782,4907.063197
2019,March,2 Eastern, Baw Baw,3179,5953.852493
2019,March,2 Eastern, Benalla,877,6249.109306
2019,March,2 Eastern, Boroondara,5570,3040.442802
2019,March,2 Eastern, East Gippsland,3193,6749.386996
2019,March,2 Eastern, Greater Shepparton,6228,9365.272703
2019,March,2 Eastern, Indigo,371,2221.689922
2019,March,2 Eastern, Knox,8090,4916.34914
2019,March,2 Eastern, Latrobe,9942,13158.97449
2019,March,2 Eastern, Manningham,3410,2672.727985
2019,March,2 Eastern, Mansfield,321,3498.637602
2019,March,2 Eastern, Maroondah,6034,5089.019896
2019,March,2 Eastern, Mitchell,3034,6583.201337
2019,March,2 Eastern, Moira,1682,5621.657754
2019,March,2 Eastern, Monash,8030,3957.692611
2019,March,2 Eastern, Murrindindi,593,4070.565623
2019,March,2 Eastern, South Gippsland,995,3326.646606
2019,March,2 Eastern, Strathbogie,448,4156.615328
2019,March,2 Eastern, Towong,173,2864.712701
2019,March,2 Eastern, Wangaratta,1639,5616.091009
2019,March,2 Eastern, Wellington,2921,6582.090225
2019,March,2 Eastern, Whitehorse,6361,3558.024153
2019,March,2 Eastern, Wodonga,2420,5750.540598
2019,March,2 Eastern, Yarra Ranges,5767,3616.263466
2019,March,3 Southern Metro, Bayside,3606,3374.635023
2019,March,3 Southern Metro, Cardinia,4697,4187.058184
2019,March,3 Southern Metro, Casey,16217,4581.565253
2019,March,3 Southern Metro, Frankston,11156,7820.813909
2019,March,3 Southern Metro, Glen Eira,4892,3125.179672
2019,March,3 Southern Metro, Greater Dandenong,14195,8436.29837
2019,March,3 Southern Metro, Kingston,8608,5191.672095
2019,March,3 Southern Metro, Mornington Peninsula,8161,4868.779792
2019,March,3 Southern Metro, Port Phillip,9650,8346.306867
2019,March,3 Southern Metro, Stonnington,8170,6936.897161
2019,March,4 Western, Ararat,912,7700.101317
2019,March,4 Western, Ballarat,8129,7423.473115
2019,March,4 Western, Buloke,214,3495.018782
2019,March,4 Western, Campaspe,2919,7760.202047
2019,March,4 Western, Central Goldfields,917,6956.455773
2019,March,4 Western, Colac-Otway,1320,6121.881087
2019,March,4 Western, Corangamite,487,3040.519448
2019,March,4 Western, Gannawarra,581,5549.718216
2019,March,4 Western, Glenelg,956,4859.946114
2019,March,4 Western, Golden Plains,510,2149.903044
2019,March,4 Western, Greater Bendigo,8092,6852.342685
2019,March,4 Western, Greater Geelong,15777,6092.964339
2019,March,4 Western, Hepburn,619,3875.289551
2019,March,4 Western, Hindmarsh,249,4457.572503
2019,March,4 Western, Horsham,1436,7208.835341
2019,March,4 Western, Loddon,386,5145.294588
2019,March,4 Western, Macedon Ranges,1782,3547.680669
2019,March,4 Western, Mildura,5493,9847.79218
2019,March,4 Western, Moorabool,1633,4658.925566
2019,March,4 Western, Mount Alexander,751,3802.339122
2019,March,4 Western, Moyne,458,2701.746107
2019,March,4 Western, Northern Grampians,762,6683.624243
2019,March,4 Western, Pyrenees,419,5609.103079
2019,March,4 Western, Queenscliffe,118,4014.971079
2019,March,4 Western, Southern Grampians,1108,6882.842589
2019,March,4 Western, Surf Coast,899,2687.031115
2019,March,4 Western, Swan Hill,1868,9046.004843
2019,March,4 Western, Warrnambool,3007,8547.227196
2019,March,4 Western, West Wimmera,125,3256.056265
2019,March,4 Western, Yarriambiack,320,4821.455477
2019,March,Justice Institutions and Immigration Facilities, Justice Institutions and Immigration Facilities,1483,
2019,March,Unincorporated Vic, Unincorporated Vic,95,
2018,March,1 North West Metro, Banyule,7369,5657.581574
2018,March,1 North West Metro, Brimbank,13549,6490.725482
2018,March,1 North West Metro, Darebin,11425,7067.607777
2018,March,1 North West Metro, Hobsons Bay,4830,5006.167017
2018,March,1 North West Metro, Hume,15266,6802.333094
2018,March,1 North West Metro, Maribyrnong,6582,7200.288799
2018,March,1 North West Metro, Melbourne,26849,15764.13394
2018,March,1 North West Metro, Melton,7803,4979.006879
2018,March,1 North West Metro, Moonee Valley,6692,5231.967226
2018,March,1 North West Metro, Moreland,11020,6062.273077
2018,March,1 North West Metro, Nillumbik,1795,2764.047366
2018,March,1 North West Metro, Whittlesea,11340,5077.30124
2018,March,1 North West Metro, Wyndham,10861,4253.094566
2018,March,1 North West Metro, Yarra,10648,10802.80418
2018,March,1 North West Metro,Total,146029,6662.189591
2018,March,2 Eastern, Alpine,319,2505.891595
2018,March,2 Eastern, Bass Coast,1799,5092.566382
2018,March,2 Eastern, Baw Baw,2929,5631.392756
2018,March,2 Eastern, Benalla,980,6988.518862
2018,March,2 Eastern, Boroondara,5632,3105.151729
2018,March,2 Eastern, East Gippsland,3055,6525.546822
2018,March,2 Eastern, Greater Shepparton,5979,9057.992971
2018,March,2 Eastern, Indigo,339,2055.916065
2018,March,2 Eastern, Knox,8516,5217.753597
2018,March,2 Eastern, Latrobe,9376,12466.59309
2018,March,2 Eastern, Manningham,3660,2915.521568
2018,March,2 Eastern, Mansfield,453,5045.105246
2018,March,2 Eastern, Maroondah,5880,5004.042381
2018,March,2 Eastern, Mitchell,3041,6864.869746
2018,March,2 Eastern, Moira,1504,5047.488002
2018,March,2 Eastern, Monash,8299,4145.106187
2018,March,2 Eastern, Murrindindi,532,3674.540682
2018,March,2 Eastern, South Gippsland,1006,3401.521555
2018,March,2 Eastern, Strathbogie,438,4114.994363
2018,March,2 Eastern, Towong,171,2824.578791
2018,March,2 Eastern, Wangaratta,1799,6185.106237
2018,March,2 Eastern, Wellington,2657,6036.304155
2018,March,2 Eastern, Whitehorse,6497,3685.760156
2018,March,2 Eastern, Wodonga,2369,5718.216708
2018,March,2 Eastern, Yarra Ranges,5516,3487.36494
2018,March,2 Eastern,Total,82746,4869.548637
2018,March,3 Southern Metro, Bayside,3897,3685.280628
2018,March,3 Southern Metro, Cardinia,4294,4008.700766
2018,March,3 Southern Metro, Casey,14726,4325.540546
2018,March,3 Southern Metro, Frankston,10719,7556.733664
2018,March,3 Southern Metro, Glen Eira,5232,3399.168399
2018,March,3 Southern Metro, Greater Dandenong,13628,8202.720597
2018,March,3 Southern Metro, Kingston,7907,4837.505812
2018,March,3 Southern Metro, Mornington Peninsula,8519,5137.405547
2018,March,3 Southern Metro, Port Phillip,9780,8634.617931
2018,March,3 Southern Metro, Stonnington,8001,6880.74578
2018,March,3 Southern Metro,Total,86703,5508.334323
2018,March,4 Western, Ararat,885,7503.179313
2018,March,4 Western, Ballarat,8900,8292.646566
2018,March,4 Western, Buloke,168,2717.127608
2018,March,4 Western, Campaspe,2511,6679.968077
2018,March,4 Western, Central Goldfields,907,6867.050273
2018,March,4 Western, Colac-Otway,1242,5776.206864
2018,March,4 Western, Corangamite,620,3841.625875
2018,March,4 Western, Gannawarra,417,3954.105822
2018,March,4 Western, Glenelg,1196,6082.180635
2018,March,4 Western, Golden Plains,481,2080.629812
2018,March,4 Western, Greater Bendigo,7089,6109.047664
2018,March,4 Western, Greater Geelong,16864,6685.987733
2018,March,4 Western, Hepburn,639,4041.234505
2018,March,4 Western, Hindmarsh,253,4482.636428
2018,March,4 Western, Horsham,1637,8236.892422
2018,March,4 Western, Loddon,317,4219.353121
2018,March,4 Western, Macedon Ranges,1522,3081.782655
2018,March,4 Western, Mildura,4822,8685.784278
2018,March,4 Western, Moorabool,1823,5337.276028
2018,March,4 Western, Mount Alexander,733,3756.277544
2018,March,4 Western, Moyne,464,2747.675727
2018,March,4 Western, Northern Grampians,802,7016.622922
2018,March,4 Western, Pyrenees,307,4175.166599
2018,March,4 Western, Queenscliffe,108,3621.730382
2018,March,4 Western, Southern Grampians,1004,6222.883352
2018,March,4 Western, Surf Coast,952,2951.75493
2018,March,4 Western, Swan Hill,1752,8439.306358
2018,March,4 Western, Warrnambool,2707,7764.678886
2018,March,4 Western, West Wimmera,114,2951.838426
2018,March,4 Western, Yarriambiack,358,5376.990087
2018,March,4 Western,Total,61594,6184.533946
2018,March,Justice Institutions and Immigration Facilities, Justice Institutions and Immigration Facilities,1476,
2018,March,Justice Institutions and Immigration Facilities,Total,1476,
2018,March,Unincorporated Vic, Unincorporated Vic,117,
2018,March,Unincorporated Vic,Total,117,
2017,March,1 North West Metro, Banyule,7447,5767.726445
2017,March,1 North West Metro, Brimbank,14670,7087.059233
2017,March,1 North West Metro, Darebin,13200,8314.908253
2017,March,1 North West Metro, Hobsons Bay,5227,5497.996234
2017,March,1 North West Metro, Hume,17033,7913.565448
2017,March,1 North West Metro, Maribyrnong,7193,8049.282693
2017,March,1 North West Metro, Melbourne,28114,17666.09485
2017,March,1 North West Metro, Melton,8968,6034.262337
2017,March,1 North West Metro, Moonee Valley,7759,6186.857612
2017,March,1 North West Metro, Moreland,11798,6666.515985
2017,March,1 North West Metro, Nillumbik,2171,3359.744963
2017,March,1 North West Metro, Whittlesea,12870,5967.007594
2017,March,1 North West Metro, Wyndham,11966,4963.682898
2017,March,1 North West Metro, Yarra,11310,11781.98637
2017,March,1 North West Metro,Total,159726,7526.977489
2017,March,2 Eastern, Alpine,280,2215.540434
2017,March,2 Eastern, Bass Coast,1986,5775.606351
2017,March,2 Eastern, Baw Baw,2894,5710.790118
2017,March,2 Eastern, Benalla,1000,7156.14713
2017,March,2 Eastern, Boroondara,7007,3899.775709
2017,March,2 Eastern, East Gippsland,2951,6396.306572
2017,March,2 Eastern, Greater Shepparton,6307,9621.075754
2017,March,2 Eastern, Indigo,350,2142.900876
2017,March,2 Eastern, Knox,9323,5761.090547
2017,March,2 Eastern, Latrobe,10348,13814.27885
2017,March,2 Eastern, Manningham,4064,3270.298543
2017,March,2 Eastern, Mansfield,470,5343.337881
2017,March,2 Eastern, Maroondah,7070,6078.00827
2017,March,2 Eastern, Mitchell,3140,7318.835513
2017,March,2 Eastern, Moira,1376,4640.496425
2017,March,2 Eastern, Monash,9028,4584.556322
2017,March,2 Eastern, Murrindindi,524,3681.326402
2017,March,2 Eastern, South Gippsland,1145,3905.050987
2017,March,2 Eastern, Strathbogie,462,4406.714994
2017,March,2 Eastern, Towong,174,2881.271734
2017,March,2 Eastern, Wangaratta,1877,6505.389388
2017,March,2 Eastern, Wellington,3224,7360.562544
2017,March,2 Eastern, Whitehorse,6614,3817.318181
2017,March,2 Eastern, Wodonga,2532,6204.05763
2017,March,2 Eastern, Yarra Ranges,6435,4102.148927
2017,March,2 Eastern,Total,90581,5396.065527
2017,March,3 Southern Metro, Bayside,4127,3957.538214
2017,March,3 Southern Metro, Cardinia,5199,5076.999697
2017,March,3 Southern Metro, Casey,18108,5541.49542
2017,March,3 Southern Metro, Frankston,12351,8777.128726
2017,March,3 Southern Metro, Glen Eira,5873,3877.668249
2017,March,3 Southern Metro, Greater Dandenong,15458,9453.39351
2017,March,3 Southern Metro, Kingston,8381,5203.941609
2017,March,3 Southern Metro, Mornington Peninsula,8942,5457.963548
2017,March,3 Southern Metro, Port Phillip,10468,9459.947947
2017,March,3 Southern Metro, Stonnington,9107,8004.605703
2017,March,3 Southern Metro,Total,98014,6370.908089
2017,March,4 Western, Ararat,909,7732.221844
2017,March,4 Western, Ballarat,9216,8742.008309
2017,March,4 Western, Buloke,141,2272.360999
2017,March,4 Western, Campaspe,2741,7290.475304
2017,March,4 Western, Central Goldfields,949,7217.827807
2017,March,4 Western, Colac-Otway,1616,7540.830611
2017,March,4 Western, Corangamite,801,4941.394201
2017,March,4 Western, Gannawarra,528,4995.742265
2017,March,4 Western, Glenelg,1380,7007.921999
2017,March,4 Western, Golden Plains,590,2614.321163
2017,March,4 Western, Greater Bendigo,8032,7039.99439
2017,March,4 Western, Greater Geelong,18084,7359.356687
2017,March,4 Western, Hepburn,723,4626.01574
2017,March,4 Western, Hindmarsh,288,5036.726128
2017,March,4 Western, Horsham,1756,8830.776968
2017,March,4 Western, Loddon,393,5235.113894
2017,March,4 Western, Macedon Ranges,1643,3393.085787
2017,March,4 Western, Mildura,5216,9459.214392
2017,March,4 Western, Moorabool,1981,5923.688775
2017,March,4 Western, Mount Alexander,908,4705.394621
2017,March,4 Western, Moyne,488,2905.972727
2017,March,4 Western, Northern Grampians,933,8101.067986
2017,March,4 Western, Pyrenees,360,4892.633868
2017,March,4 Western, Queenscliffe,135,4562.352146
2017,March,4 Western, Southern Grampians,1025,6357.377659
2017,March,4 Western, Surf Coast,1068,3407.024596
2017,March,4 Western, Swan Hill,1753,8408.883772
2017,March,4 Western, Warrnambool,2589,7489.369088
2017,March,4 Western, West Wimmera,123,3158.705701
2017,March,4 Western, Yarriambiack,330,4937.163375
2017,March,4 Western,Total,66699,6795.279706
2017,March,Justice Institutions and Immigration Facilities, Justice Institutions and Immigration Facilities,1125,
2017,March,Justice Institutions and Immigration Facilities,Total,1125,
2017,March,Unincorporated Vic, Unincorporated Vic,126,
2017,March,Unincorporated Vic,Total,126,
2016,March,1 North West Metro, Banyule,7224,5668.238562
2016,March,1 North West Metro, Brimbank,14970,7331.407023
2016,March,1 North West Metro, Darebin,11893,7666.670964
2016,March,1 North West Metro, Hobsons Bay,5541,5929.691262
2016,March,1 North West Metro, Hume,15598,7533.773504
2016,March,1 North West Metro, Maribyrnong,7178,8256.078765
2016,March,1 North West Metro, Melbourne,25691,17585.01259
2016,March,1 North West Metro, Melton,8794,6218.356668
2016,March,1 North West Metro, Moonee Valley,7066,5750.746718
2016,March,1 North West Metro, Moreland,11173,6484.845671
2016,March,1 North West Metro, Nillumbik,2092,3259.887182
2016,March,1 North West Metro, Whittlesea,11094,5357.919037
2016,March,1 North West Metro, Wyndham,11950,5264.131661
2016,March,1 North West Metro, Yarra,10383,11177.2558
2016,March,1 North West Metro,Total,150647,7355.788997
2016,March,2 Eastern, Alpine,328,2607.727779
2016,March,2 Eastern, Bass Coast,2023,6045.302415
2016,March,2 Eastern, Baw Baw,2652,5379.746835
2016,March,2 Eastern, Benalla,891,6372.478901
2016,March,2 Eastern, Boroondara,6152,3470.294907
2016,March,2 Eastern, East Gippsland,3278,7188.596491
2016,March,2 Eastern, Greater Shepparton,5670,8713.425129
2016,March,2 Eastern, Indigo,383,2369.316424
2016,March,2 Eastern, Knox,7683,4791.304185
2016,March,2 Eastern, Latrobe,9372,12559.29887
2016,March,2 Eastern, Manningham,3403,2776.372685
2016,March,2 Eastern, Mansfield,416,4795.941895
2016,March,2 Eastern, Maroondah,6063,5281.358885
2016,March,2 Eastern, Mitchell,2981,7132.432109
2016,March,2 Eastern, Moira,1189,4032.422166
2016,March,2 Eastern, Monash,7876,4088.773524
2016,March,2 Eastern, Murrindindi,569,4049.245659
2016,March,2 Eastern, South Gippsland,893,3066.410274
2016,March,2 Eastern, Strathbogie,400,3862.122236
2016,March,2 Eastern, Towong,181,2993.714853
2016,March,2 Eastern, Wangaratta,1667,5830.302182
2016,March,2 Eastern, Wellington,3102,7126.119917
2016,March,2 Eastern, Whitehorse,5837,3440.795562
2016,March,2 Eastern, Wodonga,2567,6401.496259
2016,March,2 Eastern, Yarra Ranges,5737,3695.90146
2016,March,2 Eastern,Total,81313,4913.100958
2016,March,3 Southern Metro, Bayside,3827,3718.711132
2016,March,3 Southern Metro, Cardinia,4956,5079.273979
2016,March,3 Southern Metro, Casey,15785,5046.532966
2016,March,3 Southern Metro, Frankston,11181,8014.938854
2016,March,3 Southern Metro, Glen Eira,5207,3504.438597
2016,March,3 Southern Metro, Greater Dandenong,14062,8776.572506
2016,March,3 Southern Metro, Kingston,8365,5262.959211
2016,March,3 Southern Metro, Mornington Peninsula,8591,5318.582537
2016,March,3 Southern Metro, Port Phillip,9847,9064.965432
2016,March,3 Southern Metro, Stonnington,8047,7249.353621
2016,March,3 Southern Metro,Total,89868,5984.497363
2016,March,4 Western, Ararat,879,7484.03576
2016,March,4 Western, Ballarat,9034,8728.502415
2016,March,4 Western, Buloke,177,2816.677276
2016,March,4 Western, Campaspe,2518,6697.699162
2016,March,4 Western, Central Goldfields,911,6961.106442
2016,March,4 Western, Colac-Otway,1207,5650.220017
2016,March,4 Western, Corangamite,563,3466.108477
2016,March,4 Western, Gannawarra,440,4163.906501
2016,March,4 Western, Glenelg,1246,6305.987145
2016,March,4 Western, Golden Plains,600,2725.290698
2016,March,4 Western, Greater Bendigo,6639,5913.581017
2016,March,4 Western, Greater Geelong,16887,7050.085793
2016,March,4 Western, Hepburn,612,3942.028986
2016,March,4 Western, Hindmarsh,168,2904.564315
2016,March,4 Western, Horsham,2036,10239.38845
2016,March,4 Western, Loddon,309,4088.38317
2016,March,4 Western, Macedon Ranges,1617,3405.644482
2016,March,4 Western, Mildura,4700,8598.92422
2016,March,4 Western, Moorabool,1666,5099.167483
2016,March,4 Western, Mount Alexander,808,4231.031052
2016,March,4 Western, Moyne,427,2551.233793
2016,March,4 Western, Northern Grampians,824,7121.866897
2016,March,4 Western, Pyrenees,414,5658.829962
2016,March,4 Western, Queenscliffe,146,4984.636395
2016,March,4 Western, Southern Grampians,851,5278.174037
2016,March,4 Western, Surf Coast,1207,3961.923519
2016,March,4 Western, Swan Hill,1608,7695.25268
2016,March,4 Western, Warrnambool,2207,6445.301092
2016,March,4 Western, West Wimmera,115,2921.005842
2016,March,4 Western, Yarriambiack,331,4908.794305
2016,March,4 Western,Total,61147,6319.646124
2016,March,Justice Institutions and Immigration Facilities, Justice Institutions and Immigration Facilities,794,
2016,March,Justice Institutions and Immigration Facilities,Total,794,
2016,March,Unincorporated Vic, Unincorporated Vic,94,
2016,March,Unincorporated Vic,Total,94,
2015,March,1 North West Metro, Banyule,6577,5216.198211
2015,March,1 North West Metro, Brimbank,13733,6837.100468
2015,March,1 North West Metro, Darebin,10773,7088.712543
2015,March,1 North West Metro, Hobsons Bay,5373,5860.985667
2015,March,1 North West Metro, Hume,13486,6805.062167
2015,March,1 North West Metro, Maribyrnong,6436,7591.144451
2015,March,1 North West Metro, Melbourne,23674,17296.45216
2015,March,1 North West Metro, Melton,7501,5559.796909
2015,March,1 North West Metro, Moonee Valley,6488,5396.27883
2015,March,1 North West Metro, Moreland,10322,6148.805623
2015,March,1 North West Metro, Nillumbik,1653,2595.995289
2015,March,1 North West Metro, Whittlesea,10003,5081.611607
2015,March,1 North West Metro, Wyndham,10009,4681.149592
2015,March,1 North West Metro, Yarra,9696,10782.55841
2015,March,1 North West Metro,Total,135724,6862.70891
2015,March,2 Eastern, Alpine,299,2405.664173
2015,March,2 Eastern, Bass Coast,1897,5823.305501
2015,March,2 Eastern, Baw Baw,2297,4801.722516
2015,March,2 Eastern, Benalla,789,5666.882137
2015,March,2 Eastern, Boroondara,5639,3226.840169
2015,March,2 Eastern, East Gippsland,2940,6552.554159
2015,March,2 Eastern, Greater Shepparton,5576,8646.435826
2015,March,2 Eastern, Indigo,315,1978.394674
2015,March,2 Eastern, Knox,6933,4368.620038
2015,March,2 Eastern, Latrobe,8084,10885.19646
2015,March,2 Eastern, Manningham,3146,2604.628058
2015,March,2 Eastern, Mansfield,326,3821.805393
2015,March,2 Eastern, Maroondah,5613,4966.245808
2015,March,2 Eastern, Mitchell,2192,5444.069144
2015,March,2 Eastern, Moira,1078,3680.688337
2015,March,2 Eastern, Monash,6908,3651.664605
2015,March,2 Eastern, Murrindindi,478,3451.761987
2015,March,2 Eastern, South Gippsland,952,3307.737744
2015,March,2 Eastern, Strathbogie,322,3164.619165
2015,March,2 Eastern, Towong,141,2348.043297
2015,March,2 Eastern, Wangaratta,1634,5806.061898
2015,March,2 Eastern, Wellington,2868,6643.194663
2015,March,2 Eastern, Whitehorse,5647,3387.949292
2015,March,2 Eastern, Wodonga,2460,6271.830304
2015,March,2 Eastern, Yarra Ranges,5252,3423.929696
2015,March,2 Eastern,Total,73786,4526.070944
2015,March,3 Southern Metro, Bayside,3361,3318.916143
2015,March,3 Southern Metro, Cardinia,3942,4270.94845
2015,March,3 Southern Metro, Casey,13504,4508.426591
2015,March,3 Southern Metro, Frankston,10397,7545.540315
2015,March,3 Southern Metro, Glen Eira,4475,3066.664839
2015,March,3 Southern Metro, Greater Dandenong,12165,7795.028867
2015,March,3 Southern Metro, Kingston,7240,4633.777937
2015,March,3 Southern Metro, Mornington Peninsula,7366,4637.633711
2015,March,3 Southern Metro, Port Phillip,9138,8589.879772
2015,March,3 Southern Metro, Stonnington,7265,6725.108305
2015,March,3 Southern Metro,Total,78853,5392.200105
2015,March,4 Western, Ararat,860,7385.778083
2015,March,4 Western, Ballarat,7825,7710.954976
2015,March,4 Western, Buloke,200,3171.58262
2015,March,4 Western, Campaspe,2281,6094.205028
2015,March,4 Western, Central Goldfields,808,6239.382239
2015,March,4 Western, Colac-Otway,1055,4969.382949
2015,March,4 Western, Corangamite,445,2734.423006
2015,March,4 Western, Gannawarra,433,4109.719058
2015,March,4 Western, Glenelg,1404,7118.953453
2015,March,4 Western, Golden Plains,490,2291.004301
2015,March,4 Western, Greater Bendigo,6088,5539.178222
2015,March,4 Western, Greater Geelong,14779,6344.933584
2015,March,4 Western, Hepburn,500,3260.727794
2015,March,4 Western, Hindmarsh,152,2617.07989
2015,March,4 Western, Horsham,1672,8447.85772
2015,March,4 Western, Loddon,251,3332.890718
2015,March,4 Western, Macedon Ranges,1419,3059.970241
2015,March,4 Western, Mildura,4627,8543.836325
2015,March,4 Western, Moorabool,1517,4778.253748
2015,March,4 Western, Mount Alexander,682,3628.817708
2015,March,4 Western, Moyne,448,2700.259177
2015,March,4 Western, Northern Grampians,769,6604.259705
2015,March,4 Western, Pyrenees,352,4903.189859
2015,March,4 Western, Queenscliffe,106,3614.047051
2015,March,4 Western, Southern Grampians,679,4201.212721
2015,March,4 Western, Surf Coast,901,3041.350211
2015,March,4 Western, Swan Hill,1642,7859.091562
2015,March,4 Western, Warrnambool,2008,5905.013969
2015,March,4 Western, West Wimmera,80,2013.085053
2015,March,4 Western, Yarriambiack,207,3032.522707
2015,March,4 Western,Total,54680,5748.769923
2015,March,Justice Institutions and Immigration Facilities, Justice Institutions and Immigration Facilities,748,
2015,March,Justice Institutions and Immigration Facilities,Total,748,
2015,March,Unincorporated Vic, Unincorporated Vic,98,
2015,March,Unincorporated Vic,Total,98,
2014,March,1 North West Metro, Banyule,6839,5466.520658
2014,March,1 North West Metro, Brimbank,15090,7603.240825
2014,March,1 North West Metro, Darebin,10716,7167.365612
2014,March,1 North West Metro, Hobsons Bay,5444,6020.991628
2014,March,1 North West Metro, Hume,12655,6616.024843
2014,March,1 North West Metro, Maribyrnong,6943,8419.533609
2014,March,1 North West Metro, Melbourne,24833,19404.57121
2014,March,1 North West Metro, Melton,7195,5564.191201
2014,March,1 North West Metro, Moonee Valley,6371,5410.018427
2014,March,1 North West Metro, Moreland,9812,5979.317363
2014,March,1 North West Metro, Nillumbik,1597,2517.617013
2014,March,1 North West Metro, Whittlesea,10185,5420.46525
2014,March,1 North West Metro, Wyndham,10256,5089.523205
2014,March,1 North West Metro, Yarra,9791,11224.60678
2014,March,1 North West Metro,Total,137727,7186.523918
2014,March,2 Eastern, Alpine,355,2873.330635
2014,March,2 Eastern, Bass Coast,2079,6513.770091
2014,March,2 Eastern, Baw Baw,2251,4825.915445
2014,March,2 Eastern, Benalla,859,6180.745431
2014,March,2 Eastern, Boroondara,5967,3455.924939
2014,March,2 Eastern, East Gippsland,3047,6881.676717
2014,March,2 Eastern, Greater Shepparton,5347,8365.274801
2014,March,2 Eastern, Indigo,365,2320.111874
2014,March,2 Eastern, Knox,7315,4646.391504
2014,March,2 Eastern, Latrobe,7729,10425.7156
2014,March,2 Eastern, Manningham,3209,2686.772106
2014,March,2 Eastern, Mansfield,338,4026.206075
2014,March,2 Eastern, Maroondah,5847,5247.664264
2014,March,2 Eastern, Mitchell,2013,5150.445195
2014,March,2 Eastern, Moira,1164,4000
2014,March,2 Eastern, Monash,7078,3802.309965
2014,March,2 Eastern, Murrindindi,565,4128.004676
2014,March,2 Eastern, South Gippsland,894,3134.53245
2014,March,2 Eastern, Strathbogie,369,3683.369934
2014,March,2 Eastern, Towong,215,3594.11568
2014,March,2 Eastern, Wangaratta,1730,6209.173785
2014,March,2 Eastern, Wellington,2893,6736.052901
2014,March,2 Eastern, Whitehorse,5803,3531.523856
2014,March,2 Eastern, Wodonga,2348,6119.523574
2014,March,2 Eastern, Yarra Ranges,5294,3483.628132
2014,March,2 Eastern,Total,75074,4662.309531
2014,March,3 Southern Metro, Bayside,3420,3426.956722
2014,March,3 Southern Metro, Cardinia,4291,4872.260702
2014,March,3 Southern Metro, Casey,12311,4275.588063
2014,March,3 Southern Metro, Frankston,11252,8262.532952
2014,March,3 Southern Metro, Glen Eira,4649,3235.347335
2014,March,3 Southern Metro, Greater Dandenong,12605,8285.404411
2014,March,3 Southern Metro, Kingston,7520,4876.467155
2014,March,3 Southern Metro, Mornington Peninsula,7832,5004.472843
2014,March,3 Southern Metro, Port Phillip,8789,8414.471858
2014,March,3 Southern Metro, Stonnington,7427,7013.617391
2014,March,3 Southern Metro,Total,80096,5605.552363
2014,March,4 Western, Ararat,852,7370.242215
2014,March,4 Western, Ballarat,8177,8184.038273
2014,March,4 Western, Buloke,186,2936.069455
2014,March,4 Western, Campaspe,2150,5758.208795
2014,March,4 Western, Central Goldfields,802,6224.774915
2014,March,4 Western, Colac-Otway,1130,5347.593583
2014,March,4 Western, Corangamite,505,3090.575275
2014,March,4 Western, Gannawarra,444,4214.923106
2014,March,4 Western, Glenelg,1262,6388.256138
2014,March,4 Western, Golden Plains,393,1880.47275
2014,March,4 Western, Greater Bendigo,6143,5690.333935
2014,March,4 Western, Greater Geelong,14129,6203.895602
2014,March,4 Western, Hepburn,532,3503.688093
2014,March,4 Western, Hindmarsh,175,2994.524298
2014,March,4 Western, Horsham,1443,7307.06907
2014,March,4 Western, Loddon,259,3447.357913
2014,March,4 Western, Macedon Ranges,1465,3221.833696
2014,March,4 Western, Mildura,4711,8766.771498
2014,March,4 Western, Moorabool,1471,4735.080152
2014,March,4 Western, Mount Alexander,608,3286.308848
2014,March,4 Western, Moyne,460,2785.852713
2014,March,4 Western, Northern Grampians,679,5765.475079
2014,March,4 Western, Pyrenees,347,4924.081169
2014,March,4 Western, Queenscliffe,88,2962.962963
2014,March,4 Western, Southern Grampians,887,5456.782528
2014,March,4 Western, Surf Coast,1025,3549.90649
2014,March,4 Western, Swan Hill,1519,7254.059217
2014,March,4 Western, Warrnambool,1910,5662.782769
2014,March,4 Western, West Wimmera,136,3368.003962
2014,March,4 Western, Yarriambiack,214,3090.699018
2014,March,4 Western,Total,54102,5764.614249
2014,March,Justice Institutions and Immigration Facilities, Justice Institutions and Immigration Facilities,1001,
2014,March,Justice Institutions and Immigration Facilities,Total,1001,
2014,March,Unincorporated Vic, Unincorporated Vic,67,
2014,March,Unincorporated Vic,Total,67,
2013,March,1 North West Metro, Banyule,5693,4579.532474
2013,March,1 North West Metro, Brimbank,15477,7889.625782
2013,March,1 North West Metro, Darebin,9205,6250.339508
2013,March,1 North West Metro, Hobsons Bay,5856,6565.905727
2013,March,1 North West Metro, Hume,11831,6399.528325
2013,March,1 North West Metro, Maribyrnong,7137,8945.626833
2013,March,1 North West Metro, Melbourne,24530,20663.62848
2013,March,1 North West Metro, Melton,6763,5456.848696
2013,March,1 North West Metro, Moonee Valley,6823,5909.201136
2013,March,1 North West Metro, Moreland,9507,5931.420871
2013,March,1 North West Metro, Nillumbik,1509,2388.640897
2013,March,1 North West Metro, Whittlesea,9715,5419.139631
2013,March,1 North West Metro, Wyndham,10677,5613.240033
2013,March,1 North West Metro, Yarra,8789,10467.83069
2013,March,1 North West Metro,Total,133512,7191.171005
2013,March,2 Eastern, Alpine,293,2385.41073
2013,March,2 Eastern, Bass Coast,1781,5684.465864
2013,March,2 Eastern, Baw Baw,2119,4644.179981
2013,March,2 Eastern, Benalla,768,5533.938608
2013,March,2 Eastern, Boroondara,5805,3404.991641
2013,March,2 Eastern, East Gippsland,2851,6507.795202
2013,March,2 Eastern, Greater Shepparton,4657,7363.544368
2013,March,2 Eastern, Indigo,339,2172.380647
2013,March,2 Eastern, Knox,6596,4218.820956
2013,March,2 Eastern, Latrobe,7487,10100.64217
2013,March,2 Eastern, Manningham,2868,2423.177336
2013,March,2 Eastern, Mansfield,255,3081.198647
2013,March,2 Eastern, Maroondah,5107,4651.98896
2013,March,2 Eastern, Mitchell,1927,5099.502488
2013,March,2 Eastern, Moira,1030,3563.397336
2013,March,2 Eastern, Monash,6482,3537.14769
2013,March,2 Eastern, Murrindindi,455,3354.715034
2013,March,2 Eastern, South Gippsland,927,3278.746507
2013,March,2 Eastern, Strathbogie,376,3810.682072
2013,March,2 Eastern, Towong,182,3053.178997
2013,March,2 Eastern, Wangaratta,1676,6061.482821
2013,March,2 Eastern, Wellington,2830,6624.37677
2013,March,2 Eastern, Whitehorse,5606,3458.764445
2013,March,2 Eastern, Wodonga,2441,6496.340652
2013,March,2 Eastern, Yarra Ranges,4970,3293.52825
2013,March,2 Eastern,Total,69828,4387.040676
2013,March,3 Southern Metro, Bayside,3413,3473.720637
2013,March,3 Southern Metro, Cardinia,3886,4593.869324
2013,March,3 Southern Metro, Casey,11747,4225.190002
2013,March,3 Southern Metro, Frankston,10433,7765.479974
2013,March,3 Southern Metro, Glen Eira,4599,3255.698712
2013,March,3 Southern Metro, Greater Dandenong,11815,7956.121803
2013,March,3 Southern Metro, Kingston,7122,4675.191682
2013,March,3 Southern Metro, Mornington Peninsula,7164,4651.917845
2013,March,3 Southern Metro, Port Phillip,8951,8762.089354
2013,March,3 Southern Metro, Stonnington,7115,6875.259694
2013,March,3 Southern Metro,Total,76245,5457.926825
2013,March,4 Western, Ararat,871,7580.504787
2013,March,4 Western, Ballarat,7783,7914.05678
2013,March,4 Western, Buloke,215,3365.685661
2013,March,4 Western, Campaspe,2187,5876.978475
2013,March,4 Western, Central Goldfields,808,6305.111198
2013,March,4 Western, Colac-Otway,1088,5172.331828
2013,March,4 Western, Corangamite,491,2992.078001
2013,March,4 Western, Gannawarra,401,3809.614288
2013,March,4 Western, Glenelg,1035,5228.064858
2013,March,4 Western, Golden Plains,395,1939.888027
2013,March,4 Western, Greater Bendigo,5735,5412.573025
2013,March,4 Western, Greater Geelong,13096,5863.259267
2013,March,4 Western, Hepburn,515,3428.305152
2013,March,4 Western, Hindmarsh,198,3383.458647
2013,March,4 Western, Horsham,1315,6677.160557
2013,March,4 Western, Loddon,325,4322.958234
2013,March,4 Western, Macedon Ranges,1326,2973.427514
2013,March,4 Western, Mildura,4484,8435.548198
2013,March,4 Western, Moorabool,1386,4557.711279
2013,March,4 Western, Mount Alexander,624,3419.740231
2013,March,4 Western, Moyne,492,2994.339967
2013,March,4 Western, Northern Grampians,663,5580.808081
2013,March,4 Western, Pyrenees,260,3747.477659
2013,March,4 Western, Queenscliffe,85,2831.445703
2013,March,4 Western, Southern Grampians,787,4811.984103
2013,March,4 Western, Surf Coast,1058,3748.05158
2013,March,4 Western, Swan Hill,1349,6422.891968
2013,March,4 Western, Warrnambool,1823,5454.327858
2013,March,4 Western, West Wimmera,121,2934.044617
2013,March,4 Western, Yarriambiack,265,3768.486917
2013,March,4 Western,Total,51181,5523.503028
2013,March,Justice Institutions and Immigration Facilities, Justice Institutions and Immigration Facilities,853,
2013,March,Justice Institutions and Immigration Facilities,Total,853,
2013,March,Unincorporated Vic, Unincorporated Vic,109,
2013,March,Unincorporated Vic,Total,109,